H,modelo,MAE,RMSE,n
1,HARMONIE bruto,2.751092773725893,3.5216484441617255,9343
1,SARIMA,0.7992252840005277,1.1351287529344964,9343
1,SARIMAX (+HARMONIE),0.7915294798524135,1.116301922042941,9343
2,HARMONIE bruto,2.756395890750415,3.53164192445657,9341
2,SARIMA,1.2388261866819568,1.722920176037117,9341
2,SARIMAX (+HARMONIE),1.1824159555834106,1.6371247826664004,9341
3,HARMONIE bruto,2.7641027279917334,3.542348937927504,9339
3,SARIMA,1.5512887822259789,2.1183787503788194,9339
3,SARIMAX (+HARMONIE),1.4308806665539566,1.9407091178821967,9339
4,HARMONIE bruto,2.775476402123826,3.552977765924585,9290
4,SARIMA,1.8110411991918822,2.4394390826099306,9290
4,SARIMAX (+HARMONIE),1.6468356377019597,2.2040150474577547,9290
5,HARMONIE bruto,2.7778862148103602,3.55621943894638,9241
5,SARIMA,2.036974493296406,2.7127844738758498,9241
5,SARIMAX (+HARMONIE),1.8291384517543048,2.4198803961477204,9241
6,HARMONIE bruto,2.7803806622614418,3.558408975823898,9192
6,SARIMA,2.2396048659824217,2.948437152214312,9192
6,SARIMAX (+HARMONIE),2.02289188331322,2.646135513627374,9192
7,HARMONIE bruto,2.7852482334849693,3.562215158852524,9144
7,SARIMA,2.4147002654885665,3.1650229264858214,9144
7,SARIMAX (+HARMONIE),2.1681981459696,2.8228815148372366,9144
8,HARMONIE bruto,2.791140465075627,3.5667340907589082,9096
8,SARIMA,2.582271183819133,3.3589554203517915,9096
8,SARIMAX (+HARMONIE),2.3616094981672093,3.052987915359328,9096
9,HARMONIE bruto,2.7907617517858374,3.5628507518856747,9048
9,SARIMA,2.7305440047353,3.530510848510396,9048
9,SARIMAX (+HARMONIE),2.465109900751305,3.160361776956431,9048
10,HARMONIE bruto,2.7902570544338317,3.560849911763834,8999
10,SARIMA,2.867474150640621,3.6838126251519316,8999
10,SARIMAX (+HARMONIE),2.6001148893945634,3.312486718183184,8999
11,HARMONIE bruto,2.7903793884118318,3.558263428356901,8950
11,SARIMA,2.9974677050112954,3.825206575563094,8950
11,SARIMAX (+HARMONIE),2.7195448114606333,3.4429837024476067,8950
12,HARMONIE bruto,2.79464109757138,3.5602935840086234,8901
12,SARIMA,3.108066238987548,3.94744908258844,8901
12,SARIMAX (+HARMONIE),2.80247910165834,3.531940586343414,8901
