H,n_eval,SARIMAX (+HARMONIE),XGBoost (ML),Transformer (DL),Ensemble (media),Ensemble (ponderado),Ensemble (stacking)
1,2358,0.8294117865217404,0.7990050290352907,0.8062690427318502,0.7887600996367382,0.7887171408377736,0.7896293896277129
2,2353,1.2066525956281975,1.1249585794694097,1.141524568907605,1.1080607612919833,1.1075242355163533,1.1112976670923143
3,2348,1.4552077471731792,1.2900342912621656,1.3453865996625223,1.293068471755807,1.291104496966443,1.284878714477
4,2308,1.680850621128486,1.4016019957121162,1.4208171633409397,1.403223644073129,1.3959962261810606,1.3923925867290974
5,2273,1.8592382182942442,1.4374471247195033,1.475157731584284,1.4754425406338725,1.4608835434629819,1.4394834575348356
6,2239,2.053683596181371,1.4529986109899895,1.4717136103832553,1.5274454610967572,1.4978770279964804,1.4598410391800924
7,2205,2.1669362086728046,1.4594621602298006,1.5058221921369754,1.5711614749483545,1.531595900422611,1.4752546107109623
8,2171,2.328072215847058,1.4726224573386792,1.506812570863696,1.6017415482307011,1.5445599714724298,1.4942765566647915
9,2137,2.4095622167960666,1.490765386131811,1.5489715384711458,1.6490270052397358,1.5837064230794504,1.5140030744727504
10,2108,2.5220266070195914,1.4713646896149053,1.5180439464234248,1.655447941152144,1.5712018169678055,1.487719565075698
11,2068,2.6429341457203037,1.4967272252922583,1.5461968897685323,1.7125652178707793,1.6127750526504343,1.5016537903504343
12,2033,2.725408890583227,1.513662856442126,1.5520114415363782,1.7561448545112317,1.642777567786977,1.5433774190571865
