H,modelo_1,modelo_2,n,MAE_1,MAE_2,DM_stat,p_valor,gana
1,XGBoost (ML),SARIMAX (+HARMONIE),2358,0.7990050290352907,0.8294117865217404,-3.615021385419464,0.00030661893956973607,XGBoost (ML)
1,XGBoost (ML),Transformer (DL),2358,0.7990050290352907,0.8062690427318502,-1.3971991036248417,0.16248521888874512,sin diferencia significativa
1,Transformer (DL),SARIMAX (+HARMONIE),2358,0.8062690427318502,0.8294117865217404,-2.6589760740419224,0.007890879107347759,Transformer (DL)
1,Ensemble (ponderado),XGBoost (ML),2358,0.7887171408377736,0.7990050290352907,-2.722667131658721,0.00652342419861629,Ensemble (ponderado)
1,XGBoost (ML),HARMONIE bruto,2358,0.7990050290352907,2.4850226265292,-41.118616519098595,0.0,XGBoost (ML)
1,Ensemble2 (stacking),XGBoost (ML),2358,0.7942142482302882,0.7990050290352907,-1.7333579171495304,0.08316285062149231,sin diferencia significativa
1,Ensemble2 (stacking),Ensemble (ponderado),2358,0.7942142482302882,0.7887171408377736,1.8886500898932141,0.05906141304306023,sin diferencia significativa
2,XGBoost (ML),SARIMAX (+HARMONIE),2353,1.1249585794694097,1.2066525956281975,-3.961878372886322,7.65756611367241e-05,XGBoost (ML)
2,XGBoost (ML),Transformer (DL),2353,1.1249585794694097,1.141524568907605,-1.5379472765142927,0.12419601776622358,sin diferencia significativa
2,Transformer (DL),SARIMAX (+HARMONIE),2353,1.141524568907605,1.2066525956281975,-3.101340689198935,0.0019493148667326654,Transformer (DL)
2,Ensemble (ponderado),XGBoost (ML),2353,1.1075242355163533,1.1249585794694097,-2.0465130234114057,0.04081687184754701,Ensemble (ponderado)
2,XGBoost (ML),HARMONIE bruto,2353,1.1249585794694097,2.494648540856189,-21.902409050819664,0.0,XGBoost (ML)
2,Ensemble2 (stacking),XGBoost (ML),2353,1.1218792020808794,1.1249585794694097,-0.48897225827559804,0.6249069288751741,sin diferencia significativa
2,Ensemble2 (stacking),Ensemble (ponderado),2353,1.1218792020808794,1.1075242355163533,1.9690247180508282,0.049067481329855056,Ensemble (ponderado)
3,XGBoost (ML),SARIMAX (+HARMONIE),2348,1.2900342912621656,1.4552077471731792,-5.083711928062422,3.993645667499379e-07,XGBoost (ML)
3,XGBoost (ML),Transformer (DL),2348,1.2900342912621656,1.3453865996625223,-3.392009344222045,0.0007053208230838326,XGBoost (ML)
3,Transformer (DL),SARIMAX (+HARMONIE),2348,1.3453865996625223,1.4552077471731792,-3.2189538779067814,0.001304139942781557,Transformer (DL)
3,Ensemble (stacking),XGBoost (ML),2348,1.284878714477,1.2900342912621656,-0.5782393387948773,0.5631580197273429,sin diferencia significativa
3,XGBoost (ML),HARMONIE bruto,2348,1.2900342912621656,2.504094313338405,-16.113575910531623,0.0,XGBoost (ML)
3,Ensemble2 (stacking),XGBoost (ML),2348,1.297754683994212,1.2900342912621656,0.9006707266268718,0.3678558249481556,sin diferencia significativa
3,Ensemble2 (stacking),Ensemble (stacking),2348,1.297754683994212,1.284878714477,3.205532385122938,0.0013662337287154713,Ensemble (stacking)
4,XGBoost (ML),SARIMAX (+HARMONIE),2308,1.4016019957121162,1.680850621128486,-6.167308253012926,8.177265531372768e-10,XGBoost (ML)
4,XGBoost (ML),Transformer (DL),2308,1.4016019957121162,1.4208171633409397,-1.1932672036321377,0.23288744084250634,sin diferencia significativa
4,Transformer (DL),SARIMAX (+HARMONIE),2308,1.4208171633409397,1.680850621128486,-5.991172793153009,2.410382116124765e-09,Transformer (DL)
4,Ensemble (stacking),XGBoost (ML),2308,1.3923925867290974,1.4016019957121162,-0.62691989084973,0.5307737816069229,sin diferencia significativa
4,XGBoost (ML),HARMONIE bruto,2308,1.4016019957121162,2.5425118314470074,-13.253093644272983,0.0,XGBoost (ML)
4,Ensemble2 (stacking),XGBoost (ML),2308,1.4104201122768907,1.4016019957121162,0.6676390778695228,0.5044307857289885,sin diferencia significativa
4,Ensemble2 (stacking),Ensemble (stacking),2308,1.4104201122768907,1.3923925867290974,2.5940910812687026,0.00954415300160849,Ensemble (stacking)
5,XGBoost (ML),SARIMAX (+HARMONIE),2273,1.4374471247195033,1.8592382182942442,-7.48308388331013,1.0325074129013956e-13,XGBoost (ML)
5,XGBoost (ML),Transformer (DL),2273,1.4374471247195033,1.475157731584284,-2.17819101686317,0.02949432499349114,XGBoost (ML)
5,Transformer (DL),SARIMAX (+HARMONIE),2273,1.475157731584284,1.8592382182942442,-6.825860204316529,1.11743947428522e-11,Transformer (DL)
5,Ensemble (stacking),XGBoost (ML),2273,1.4394834575348356,1.4374471247195033,0.12089978020786649,0.9037811068402632,sin diferencia significativa
5,XGBoost (ML),HARMONIE bruto,2273,1.4374471247195033,2.544665832731854,-11.69677012879339,0.0,XGBoost (ML)
5,Ensemble2 (stacking),XGBoost (ML),2273,1.4509350016175504,1.4374471247195033,1.0322090430179367,0.3020840612144178,sin diferencia significativa
5,Ensemble2 (stacking),Ensemble (stacking),2273,1.4509350016175504,1.4394834575348356,0.9518751434566464,0.3412615566703203,sin diferencia significativa
6,XGBoost (ML),SARIMAX (+HARMONIE),2239,1.4529986109899895,2.053683596181371,-8.738007861162476,0.0,XGBoost (ML)
6,XGBoost (ML),Transformer (DL),2239,1.4529986109899895,1.4717136103832553,-1.0874206674700972,0.2769680381155448,sin diferencia significativa
6,Transformer (DL),SARIMAX (+HARMONIE),2239,1.4717136103832553,2.053683596181371,-8.936129674831509,0.0,Transformer (DL)
6,Ensemble (stacking),XGBoost (ML),2239,1.4598410391800924,1.4529986109899895,0.30696044592122734,0.758902036892144,sin diferencia significativa
6,XGBoost (ML),HARMONIE bruto,2239,1.4529986109899895,2.547400234746651,-10.653764242596928,0.0,XGBoost (ML)
6,Ensemble2 (stacking),XGBoost (ML),2239,1.4694780240602885,1.4529986109899895,0.8946724437504862,0.37105841996723643,sin diferencia significativa
6,Ensemble2 (stacking),Ensemble (stacking),2239,1.4694780240602885,1.4598410391800924,0.7449574290221467,0.45637567686991254,sin diferencia significativa
7,XGBoost (ML),SARIMAX (+HARMONIE),2205,1.4594621602298006,2.1669362086728046,-9.072459429002905,0.0,XGBoost (ML)
7,XGBoost (ML),Transformer (DL),2205,1.4594621602298006,1.5058221921369754,-1.9382791217778592,0.05271672552038731,sin diferencia significativa
7,Transformer (DL),SARIMAX (+HARMONIE),2205,1.5058221921369754,2.1669362086728046,-9.093976894327655,0.0,Transformer (DL)
7,Ensemble (stacking),XGBoost (ML),2205,1.4752546107109623,1.4594621602298006,0.6464908531102701,0.5180288320854793,sin diferencia significativa
7,XGBoost (ML),HARMONIE bruto,2205,1.4594621602298006,2.4885312940147313,-9.577705303459567,0.0,XGBoost (ML)
7,Ensemble2 (stacking),XGBoost (ML),2205,1.4878433581694803,1.4594621602298006,1.289461959565611,0.19737283238162928,sin diferencia significativa
7,Ensemble2 (stacking),Ensemble (stacking),2205,1.4878433581694803,1.4752546107109623,0.9659558104363921,0.33417227048885545,sin diferencia significativa
8,XGBoost (ML),SARIMAX (+HARMONIE),2171,1.4726224573386792,2.328072215847058,-9.730946946007785,0.0,XGBoost (ML)
8,XGBoost (ML),Transformer (DL),2171,1.4726224573386792,1.506812570863696,-1.5251222988580246,0.12737431859287973,sin diferencia significativa
8,Transformer (DL),SARIMAX (+HARMONIE),2171,1.506812570863696,2.328072215847058,-9.807637381075882,0.0,Transformer (DL)
8,Ensemble (stacking),XGBoost (ML),2171,1.4942765566647915,1.4726224573386792,0.812198798184675,0.4167666564131238,sin diferencia significativa
8,XGBoost (ML),HARMONIE bruto,2171,1.4726224573386792,2.5004586954408934,-8.9921045119558,0.0,XGBoost (ML)
8,Ensemble2 (stacking),XGBoost (ML),2171,1.5019261734029508,1.4726224573386792,1.2997810823520046,0.19381406318826566,sin diferencia significativa
8,Ensemble2 (stacking),Ensemble (stacking),2171,1.5019261734029508,1.4942765566647915,0.6035616811052497,0.5461981780380034,sin diferencia significativa
9,XGBoost (ML),SARIMAX (+HARMONIE),2137,1.490765386131811,2.4095622167960666,-9.786134741386109,0.0,XGBoost (ML)
9,XGBoost (ML),Transformer (DL),2137,1.490765386131811,1.5489715384711458,-2.2473224014327373,0.024721123129762157,XGBoost (ML)
9,Transformer (DL),SARIMAX (+HARMONIE),2137,1.5489715384711458,2.4095622167960666,-9.669978669099415,0.0,Transformer (DL)
9,Ensemble (stacking),XGBoost (ML),2137,1.5140030744727504,1.490765386131811,0.8556838576864245,0.3922686445300003,sin diferencia significativa
9,XGBoost (ML),HARMONIE bruto,2137,1.490765386131811,2.487130813110733,-8.280903344626154,2.220446049250313e-16,XGBoost (ML)
9,Ensemble2 (stacking),XGBoost (ML),2137,1.52317106695985,1.490765386131811,1.346708599257822,0.17821697238289946,sin diferencia significativa
9,Ensemble2 (stacking),Ensemble (stacking),2137,1.52317106695985,1.5140030744727504,0.6987755152336044,0.48476840614421945,sin diferencia significativa
10,XGBoost (ML),SARIMAX (+HARMONIE),2108,1.4713646896149053,2.5220266070195914,-10.122317101480277,0.0,XGBoost (ML)
10,XGBoost (ML),Transformer (DL),2108,1.4713646896149053,1.5180439464234248,-1.5914663411564538,0.1116546730839223,sin diferencia significativa
10,Transformer (DL),SARIMAX (+HARMONIE),2108,1.5180439464234248,2.5220266070195914,-9.880797059755881,0.0,Transformer (DL)
10,Ensemble (stacking),XGBoost (ML),2108,1.487719565075698,1.4713646896149053,0.6320677473170792,0.5274111843842415,sin diferencia significativa
10,XGBoost (ML),HARMONIE bruto,2108,1.4713646896149053,2.4468580242769145,-7.886365933950248,4.884981308350689e-15,XGBoost (ML)
10,Ensemble2 (stacking),XGBoost (ML),2108,1.4826093478727973,1.4713646896149053,0.5123719498565305,0.6084444219392031,sin diferencia significativa
10,Ensemble2 (stacking),Ensemble (stacking),2108,1.4826093478727973,1.487719565075698,-0.3413684542411975,0.7328602592434685,sin diferencia significativa
11,XGBoost (ML),SARIMAX (+HARMONIE),2068,1.4967272252922583,2.6429341457203037,-9.980026948108122,0.0,XGBoost (ML)
11,XGBoost (ML),Transformer (DL),2068,1.4967272252922583,1.5461968897685323,-1.603532080609274,0.10897001143690765,sin diferencia significativa
11,Transformer (DL),SARIMAX (+HARMONIE),2068,1.5461968897685323,2.6429341457203037,-9.784415584842334,0.0,Transformer (DL)
11,Ensemble (stacking),XGBoost (ML),2068,1.5016537903504343,1.4967272252922583,0.21524247683616676,0.8295995100443476,sin diferencia significativa
11,XGBoost (ML),HARMONIE bruto,2068,1.4967272252922583,2.414580044633261,-7.246432085772203,6.012967901369848e-13,XGBoost (ML)
11,Ensemble2 (stacking),XGBoost (ML),2068,1.4954282359799986,1.4967272252922583,-0.07228279539676008,0.9423838493763406,sin diferencia significativa
11,Ensemble2 (stacking),Ensemble (stacking),2068,1.4954282359799986,1.5016537903504343,-0.4884327544832088,0.6252951576853856,sin diferencia significativa
12,XGBoost (ML),SARIMAX (+HARMONIE),2033,1.513662856442126,2.725408890583227,-9.828883190293686,0.0,XGBoost (ML)
12,XGBoost (ML),Transformer (DL),2033,1.513662856442126,1.5520114415363782,-1.3871979271789903,0.16553354451336943,sin diferencia significativa
12,Transformer (DL),SARIMAX (+HARMONIE),2033,1.5520114415363782,2.725408890583227,-10.143242482546386,0.0,Transformer (DL)
12,Ensemble (stacking),XGBoost (ML),2033,1.5433774190571865,1.513662856442126,1.1294376991171187,0.25884654744998614,sin diferencia significativa
12,XGBoost (ML),HARMONIE bruto,2033,1.513662856442126,2.4042415830333095,-6.846558827995207,9.984679749663883e-12,XGBoost (ML)
12,Ensemble2 (stacking),XGBoost (ML),2033,1.5425461668782223,1.513662856442126,1.1880365501640762,0.23495785027554517,sin diferencia significativa
12,Ensemble2 (stacking),Ensemble (stacking),2033,1.5425461668782223,1.5433774190571865,-0.09118546680876358,0.9273542102886707,sin diferencia significativa
