H,semilla_0,semilla_1,semilla_2,semilla_3,semilla_4,MAE_min,MAE_max,rango,desv,gap_arquitecturas,dif_DL_ML,gap_arq / rango,dif_ML / rango
1,0.7654040735424396,0.7801521383495195,0.7777001900852837,0.7729164677129038,0.776495164779251,0.7654040735424396,0.7801521383495195,0.014748064807079908,0.00573163093084035,0.006013423961242048,0.001545995450796589,0.4077432558036539,0.10482700415409237
2,1.1147562457890607,1.1267823264526362,1.1343424804117974,1.113800679351727,1.1117793515701422,1.1117793515701422,1.1343424804117974,0.022563128841655233,0.009807998505840182,0.006438769242839815,0.009113113610757173,0.2853668605992619,0.40389405541721113
3,1.2829164139478897,1.277792806809748,1.3067004725753069,1.297238086762393,1.2868105248424597,1.277792806809748,1.3067004725753069,0.02890766576555892,0.011621487235747179,0.015984728255258984,0.024515032457008257,0.5529581110040181,0.8480460738623828
4,1.342219753376838,1.3871340775131975,1.353257042182276,1.3753408174074708,1.3629289138387681,1.342219753376838,1.3871340775131975,0.04491432413635943,0.01771004023334637,0.009938231191834124,0.0032998912210873144,0.22127086142188748,0.07347079766955589
5,1.419823277360986,1.4489290465442004,1.4407602774210773,1.4268492184625445,1.4324208073390443,1.419823277360986,1.4489290465442004,0.02910576918321439,0.011433376284230556,0.036048890355179664,0.019386756392430593,1.2385479362617031,0.6660795071380949
6,1.4429781413913438,1.4400260418452904,1.4371170947907337,1.4543370996403544,1.4466912893651858,1.4371170947907337,1.4543370996403544,0.017220004849620718,0.006671679756921776,0.021005696227682558,0.005249892566638659,1.2198426429679676,0.30487172404915386
7,1.4835511960350183,1.478035187453446,1.516370164678464,1.4975596258042332,1.4608059966677978,1.4608059966677978,1.516370164678464,0.055564168010666215,0.020929348811399753,0.012348666658759333,0.014480146414848516,0.2222415470414109,0.2606022358162346
8,1.4912356974633325,1.4923078494325104,1.5101457664240658,1.5413374234000758,1.5279859430734648,1.4912356974633325,1.5413374234000758,0.050101725936743335,0.022004515307982035,0.042965947813964345,0.005117784071149822,0.8575742054916756,0.10214785968873319
9,1.5312687842028432,1.558265354325474,1.5384643874009956,1.560579694903888,1.5540443238948372,1.5312687842028432,1.560579694903888,0.029310910701044746,0.01293875975670913,0.0057317684800413105,0.03340074873579457,0.19555067867055423,1.1395329567362795
10,1.53046678672479,1.5524571238725589,1.5608421802656436,1.5415364875846156,1.581809463058871,1.53046678672479,1.581809463058871,0.05134267633408096,0.019557897005351838,0.02227212019826097,0.02361606203186084,0.4337935181512318,0.45996943903340387
11,1.5465707394976895,1.558712585294653,1.583199540411324,1.5204094468982055,1.5523884504183345,1.5204094468982055,1.583199540411324,0.06279009351311848,0.022614889239701952,0.04998985331228001,0.027702548728693266,0.7961423612442277,0.44119298409558005
12,1.5643377686197055,1.5679595192193594,1.5602374508448316,1.5727425500335557,1.5829766492028345,1.5602374508448316,1.5829766492028345,0.022739198358002977,0.00875838242328421,0.03766290147986129,0.029950980937917926,1.6562985592940205,1.3171520150523155
